sink_id,timestamp,cur_time,throughput
AP,1565729437.207724,1565729437.313376,407.963842
AP,1565729437.679319,1565729437.819749,12836.383172
AP,1565729438.244514,1565729438.356173,12117.271360
AP,1565729438.734774,1565729438.863599,12809.767062
AP,1565729439.345994,1565729439.396245,12203.222803
AP,1565729439.820016,1565729439.900712,12884.886157
AP,1565729440.340908,1565729440.437248,12114.756794
AP,1565729440.803550,1565729440.943077,12850.190022
AP,1565729441.435932,1565729441.476775,12179.159739
AP,1565729441.876719,1565729441.980733,12897.894457
AP,1565729442.428046,1565729442.515311,12159.127136
AP,1565729442.938007,1565729443.019180,12900.176968
AP,1565729443.502158,1565729443.556083,12106.466661
AP,1565729443.967568,1565729444.062124,12844.807749
AP,1565729444.519171,1565729444.595881,12177.848651
AP,1565729444.970743,1565729445.103011,12817.210610
AP,1565729445.580572,1565729445.634550,12228.653551
AP,1565729446.011069,1565729446.141162,12830.324074
AP,1565729446.602061,1565729446.676496,12141.960815
AP,1565729447.081922,1565729447.179382,12925.393160
AP,1565729447.629683,1565729447.715377,12126.978648
AP,1565729448.111459,1565729448.222246,12823.806213
AP,1565729448.638772,1565729448.756084,12175.977712
AP,1565729449.179676,1565729449.259286,12917.284861
AP,1565729449.711035,1565729449.795865,12113.777095
AP,1565729450.155342,1565729450.300337,12884.776545
AP,1565729450.771971,1565729450.836403,12125.355193
AP,1565729451.259882,1565729451.339965,12908.043778
AP,1565729451.764696,1565729451.876450,12115.903565
AP,1565729452.248775,1565729452.382153,12853.413067
AP,1565729452.840132,1565729452.916600,12162.088760
AP,1565729453.345441,1565729453.420955,12887.742807
AP,1565729453.878376,1565729453.956181,12144.416361
AP,1565729454.385800,1565729454.464494,12787.398236
AP,1565729454.896371,1565729454.996732,12212.565026
AP,1565729455.375140,1565729455.503059,12837.567871
AP,1565729455.935000,1565729456.039302,12121.360432
AP,1565729456.413547,1565729456.543525,12891.118818
AP,1565729456.976510,1565729457.079240,12133.331019
AP,1565729457.496903,1565729457.589502,12738.553608
AP,1565729458.045290,1565729458.118101,12296.655323
AP,1565729458.545497,1565729458.627911,12749.836786
AP,1565729459.059767,1565729459.161679,12177.592995
AP,1565729459.525703,1565729459.665466,12902.277103
AP,1565729460.140296,1565729460.198572,12192.695110
AP,1565729460.554332,1565729460.704993,12835.150349
AP,1565729461.153455,1565729461.237962,12195.853147
AP,1565729461.653318,1565729461.748413,12733.835376
AP,1565729462.173065,1565729462.278004,12273.609488
AP,1565729462.702746,1565729462.790411,12685.244846
AP,1565729463.206099,1565729463.317639,12328.629279
AP,1565729463.696606,1565729463.828707,12718.455515
AP,1565729464.316005,1565729464.357130,12300.760931
AP,1565729464.748078,1565729464.867512,12735.554478
AP,1565729465.283093,1565729465.400068,12205.282439
AP,1565729465.815842,1565729465.908521,12783.884498
AP,1565729466.356400,1565729466.436883,12302.154131
AP,1565729466.810954,1565729466.948479,12705.344610
AP,1565729467.320949,1565729467.450734,11946.118196
AP,1565729467.859231,1565729467.957417,12828.543075
AP,1565729468.338123,1565729468.468598,12715.643758
AP,1565729468.883844,1565729468.998181,12273.808409
AP,1565729469.369375,1565729469.507027,12774.013203
AP,1565729469.960925,1565729470.039566,12205.686799
AP,1565729470.438655,1565729470.548100,12781.834710
AP,1565729471.003083,1565729471.077338,12281.809274
AP,1565729471.432591,1565729471.586532,12765.268774
AP,1565729472.008871,1565729472.118561,12217.375639
AP,1565729472.513549,1565729472.618821,12493.512423
AP,1565729473.014457,1565729473.122639,12901.471156
AP,1565729473.520257,1565729473.638133,12124.301097
AP,1565729473.993729,1565729474.150590,12683.987771
AP,1565729474.586011,1565729474.679556,12288.131078
AP,1565729475.065211,1565729475.184994,12860.118785
AP,1565729475.652404,1565729475.718786,12177.043642
AP,1565729476.103881,1565729476.227230,12784.100303
AP,1565729476.709672,1565729476.758044,12245.323502
AP,1565729477.174287,1565729477.258125,12497.979729
AP,1565729477.757444,1565729477.798053,12501.673348
AP,1565729478.180485,1565729478.306815,12776.108380
AP,1565729478.776215,1565729478.838218,12231.764390
AP,1565729479.205129,1565729479.348475,12738.678602
AP,1565729479.787532,1565729479.879027,12251.409590
AP,1565729480.285130,1565729480.383637,12881.233440
AP,1565729480.870963,1565729480.919985,12118.989620
AP,1565729481.344361,1565729481.425926,12847.349993
AP,1565729481.850384,1565729481.958983,12193.813053
AP,1565729482.367170,1565729482.464015,12870.488208
AP,1565729482.836757,1565729482.964885,12478.264284
AP,1565729483.424617,1565729483.479500,12145.011467
AP,1565729483.906247,1565729483.989192,12752.800890
AP,1565729484.398264,1565729484.518997,12268.671681
AP,1565729484.937620,1565729485.028994,12745.169776
AP,1565729485.444873,1565729485.558194,12282.683532
AP,1565729485.959059,1565729486.067907,12752.269993
AP,1565729486.550854,1565729486.598502,12250.407666
AP,1565729487.021188,1565729487.108227,12751.983685
AP,1565729487.556393,1565729487.638388,12260.412230
AP,1565729488.001234,1565729488.148206,12749.663873
AP,1565729488.577485,1565729488.678206,12264.146088
AP,1565729489.057140,1565729489.190071,12698.651416
AP,1565729489.661381,1565729489.717022,12335.122168
AP,1565729490.094415,1565729490.217999,12475.603842
AP,1565729490.590470,1565729490.723157,12867.274814
AP,1565729491.138659,1565729491.238614,12125.159113
AP,1565729491.643262,1565729491.750793,12690.878182
AP,1565729492.234637,1565729492.279128,12302.803659
AP,1565729492.685422,1565729492.789401,12738.273867
AP,1565729493.203797,1565729493.318026,12296.045264
AP,1565729493.733469,1565729493.827693,12753.439217
AP,1565729494.192196,1565729494.330865,12421.184207
AP,1565729494.781595,1565729494.840489,12263.949246
AP,1565729495.240224,1565729495.347540,12819.223539
AP,1565729495.785570,1565729495.878800,12235.074480
AP,1565729496.314513,1565729496.389478,12728.157905
AP,1565729496.877449,1565729496.918512,12286.558323
AP,1565729497.328405,1565729497.425014,11845.951656
AP,1565729497.768711,1565729497.925588,13484.516756
AP,1565729498.364710,1565729498.438136,12193.974927
AP,1565729498.829668,1565729498.948716,12730.618512
AP,1565729499.407978,1565729499.477685,12288.053539
AP,1565729499.874700,1565729499.988874,12715.465841
AP,1565729500.442348,1565729500.518694,12268.307302
AP,1565729500.874856,1565729501.026033,12811.958277
AP,1565729501.439183,1565729501.559424,12186.187843
AP,1565729501.989085,1565729502.069163,12751.607926
AP,1565729502.496450,1565729502.598212,12286.203955
AP,1565729502.998054,1565729503.107583,12760.841319
AP,1565729503.520802,1565729503.639597,12217.709622
AP,1565729503.996129,1565729504.150475,12723.197981
AP,1565729504.611439,1565729504.679396,12289.183499
AP,1565729505.066354,1565729505.187428,12794.461532
AP,1565729505.635775,1565729505.718009,12250.721438
AP,1565729506.140454,1565729506.218926,12477.123956
AP,1565729506.612220,1565729506.722710,12902.356482
AP,1565729507.158557,1565729507.240157,12078.531836
AP,1565729507.627922,1565729507.748268,12792.462374
AP,1565729508.212672,1565729508.278932,12248.806029
AP,1565729508.708743,1565729508.787113,12790.721874
AP,1565729509.201201,1565729509.319594,12207.020285
AP,1565729509.686257,1565729509.828239,12779.042783
AP,1565729510.276708,1565729510.355593,12325.675159
AP,1565729510.774350,1565729510.866441,12723.952115
AP,1565729511.296231,1565729511.399275,12198.925484
AP,1565729511.797819,1565729511.908494,12764.635239
AP,1565729512.342397,1565729512.439046,12251.387568
AP,1565729512.806681,1565729512.945866,12825.079090
AP,1565729513.378168,1565729513.477983,12215.366652
AP,1565729513.861852,1565729513.983951,12846.641696
AP,1565729514.410264,1565729514.519022,12147.933740
AP,1565729514.902198,1565729515.026559,12806.950888
AP,1565729515.454645,1565729515.557155,12250.374638
AP,1565729515.927818,1565729516.067481,12736.952706
AP,1565729516.487526,1565729516.597252,12269.444677
AP,1565729517.020822,1565729517.108287,12719.280296
AP,1565729517.589019,1565729517.638078,12268.997432
AP,1565729517.994553,1565729518.149810,12701.958665
AP,1565729518.591605,1565729518.680402,12250.479226
AP,1565729519.055593,1565729519.183924,12909.046142
AP,1565729519.639062,1565729519.718123,12167.755665
AP,1565729520.119855,1565729520.226776,12778.845117
AP,1565729520.650614,1565729520.758152,12232.406506
AP,1565729521.157118,1565729521.268245,12742.775014
AP,1565729521.718846,1565729521.797827,12273.813935
AP,1565729522.199282,1565729522.307577,12751.363396
AP,1565729522.768758,1565729522.839728,12214.573092
AP,1565729523.274318,1565729523.345842,12842.962227
AP,1565729523.803103,1565729523.877964,12215.235297
AP,1565729524.273466,1565729524.378056,12497.717559
AP,1565729524.733598,1565729524.884320,12839.139749
AP,1565729525.331680,1565729525.399808,12124.424464
AP,1565729525.781081,1565729525.908463,12778.809179
AP,1565729526.386789,1565729526.438845,12255.308743
AP,1565729526.871364,1565729526.947550,12777.545470
AP,1565729527.323204,1565729527.452209,12384.595978
AP,1565729527.887965,1565729527.957015,12380.998711
AP,1565729528.338951,1565729528.466494,12758.142138
AP,1565729528.881916,1565729528.999031,12205.719587
AP,1565729529.408949,1565729529.504913,12848.851600
AP,1565729529.929651,1565729530.039596,12156.730687
AP,1565729530.459725,1565729530.547557,12796.269117
AP,1565729531.018528,1565729531.078730,12237.062492
AP,1565729531.438224,1565729531.588617,12747.929038
AP,1565729532.006364,1565729532.118489,12267.103903
AP,1565729532.528959,1565729532.627703,12764.772699
AP,1565729533.105693,1565729533.159448,12223.905304
AP,1565729533.578517,1565729533.666736,12813.228802
AP,1565729534.118776,1565729534.196973,12258.675686
AP,1565729534.587396,1565729534.706631,12753.648029
AP,1565729535.137265,1565729535.238497,12221.121674
AP,1565729535.651976,1565729535.745904,12810.236545
AP,1565729536.130312,1565729536.246999,12472.671544
AP,1565729536.683569,1565729536.760449,12172.571687
AP,1565729537.163695,1565729537.266143,12853.625166
AP,1565729537.755701,1565729537.798991,12198.592527
AP,1565729538.209280,1565729538.308238,12763.942008
AP,1565729538.736883,1565729538.836125,12313.238810
AP,1565729539.240110,1565729539.337453,12466.888157
AP,1565729539.727261,1565729539.839095,12957.448032
AP,1565729540.245841,1565729540.360768,11980.680568
AP,1565729540.744280,1565729540.868216,12809.213358
AP,1565729541.283551,1565729541.398037,12268.279699
AP,1565729541.781728,1565729541.907060,12769.567718
AP,1565729542.338763,1565729542.438652,12227.425013
AP,1565729542.809560,1565729542.947939,12762.938151
AP,1565729543.426709,1565729543.478784,12244.625035
AP,1565729543.887290,1565729543.986860,12793.368822
AP,1565729544.416316,1565729544.518823,12218.881445
AP,1565729544.926057,1565729545.018861,12499.064277
AP,1565729545.353928,1565729545.522653,12902.154983
AP,1565729545.970471,1565729546.038965,12105.069700
AP,1565729546.453919,1565729546.549160,12740.226355
AP,1565729547.011046,1565729547.077641,12299.401338
AP,1565729547.494406,1565729547.579045,12464.997116
AP,1565729548.058296,1565729548.118740,12507.080183
AP,1565729548.481094,1565729548.627195,12783.818559
AP,1565729549.114603,1565729549.159675,12207.031217
AP,1565729549.536942,1565729549.665257,12856.461907
AP,1565729550.152194,1565729550.198938,12179.573252
AP,1565729550.568139,1565729550.707311,12785.886972
AP,1565729551.121325,1565729551.237549,12258.642614
AP,1565729551.635967,1565729551.746052,12782.619785
AP,1565729552.217298,1565729552.277520,12230.266381
AP,1565729552.643234,1565729552.784141,12830.106705
AP,1565729553.215160,1565729553.317278,12191.997181
AP,1565729553.708088,1565729553.827960,12728.068771
AP,1565729554.275793,1565729554.357654,12271.245031
AP,1565729554.722994,1565729554.867591,12746.659510
AP,1565729555.315676,1565729555.397343,12269.897477
AP,1565729555.826271,1565729555.905759,12784.813712
AP,1565729556.390996,1565729556.438375,12203.900166
AP,1565729556.856662,1565729556.945612,12814.535719
AO,1565729437.204971,1565729437.309766,408.031787
AO,1565729437.673077,1565729437.810116,12990.906405
AO,1565729438.241761,1565729438.352688,11979.971112
AO,1565729438.744089,1565729438.856988,13384.893156
AO,1565729439.343242,1565729439.390034,11725.061478
AO,1565729439.820016,1565729439.892512,12935.904985
AO,1565729440.338156,1565729440.431059,12069.506749
AO,1565729440.803230,1565729440.931436,12990.200759
AO,1565729441.433179,1565729441.470537,12057.112455
AO,1565729441.886035,1565729441.975924,13356.112174
AO,1565729442.425294,1565729442.511185,11676.548420
AO,1565729442.947322,1565729443.011849,12982.746642
AO,1565729443.499406,1565729443.553673,11996.513206
AO,1565729443.961326,1565729444.059406,13346.982243
AO,1565729444.516419,1565729444.592549,11722.927423
AO,1565729444.980058,1565729445.097802,13359.647864
AO,1565729445.577820,1565729445.631749,11705.276582
AO,1565729446.004827,1565729446.134300,12934.014786
AO,1565729446.602061,1565729446.671676,12095.810009
AO,1565729447.081922,1565729447.172512,12978.309167
AO,1565729447.626931,1565729447.711485,12059.971238
AO,1565729448.104897,1565729448.212665,12969.393954
AO,1565729448.636019,1565729448.750360,12088.623081
AO,1565729449.185919,1565729449.252585,12942.420586
AO,1565729449.711035,1565729449.790894,12074.852369
AO,1565729450.148780,1565729450.291843,12975.356652
AO,1565729450.769218,1565729450.832663,12018.783581
AO,1565729451.262634,1565729451.339240,13324.738697
AO,1565729451.761944,1565729451.872434,11721.810892
AO,1565729452.248775,1565729452.372562,12996.659661
AO,1565729452.837380,1565729452.910356,12086.431159
AO,1565729453.351683,1565729453.411574,12968.406872
AO,1565729453.875623,1565729453.951422,12040.418887
AO,1565729454.379558,1565729454.452279,12977.765507
AO,1565729454.893618,1565729454.992753,12026.465924
AO,1565729455.384456,1565729455.499413,13322.562930
AO,1565729455.932247,1565729456.033949,11692.365333
AO,1565729456.413226,1565729456.536117,12943.883045
AO,1565729456.973757,1565729457.070546,12162.506541
AO,1565729457.490661,1565729457.577815,12813.722629
AO,1565729458.042537,1565729458.112818,12149.471204
AO,1565729458.545497,1565729458.616654,12901.007172
AO,1565729459.057014,1565729459.153139,12115.919718
AO,1565729459.525703,1565729459.654506,12964.540194
AO,1565729460.140296,1565729460.192205,12088.542678
AO,1565729460.554332,1565729460.697031,12875.733922
AO,1565729461.150703,1565729461.234375,12096.523805
AO,1565729461.659560,1565729461.735879,12961.014709
AO,1565729462.170313,1565729462.273099,12099.331503
AO,1565729462.696504,1565729462.779388,12838.523043
AO,1565729463.203346,1565729463.312338,12196.262339
AO,1565729463.690043,1565729463.820023,12803.221965
AO,1565729464.313252,1565729464.353254,12189.838469
AO,1565729464.741515,1565729464.856581,12914.054177
AO,1565729465.280340,1565729465.394010,12094.634845
AO,1565729465.818915,1565729465.896025,12947.805050
AO,1565729466.353647,1565729466.431766,12132.742457
AO,1565729466.804392,1565729466.937276,12858.305247
AO,1565729467.423635,1565729467.473315,12125.986185
AO,1565729467.885352,1565729467.974117,12979.167996
AO,1565729468.465001,1565729468.513313,12054.990579
AO,1565729468.928279,1565729469.018054,12877.874769
AO,1565729469.511887,1565729469.552528,12161.508255
AO,1565729469.951610,1565729470.058439,12848.094698
AO,1565729470.520150,1565729470.591816,12186.509228
AO,1565729470.966499,1565729471.096573,12877.479388
AO,1565729471.542683,1565729471.630936,12164.020560
AO,1565729471.999556,1565729472.133793,12926.140811
AO,1565729472.618554,1565729472.672249,12071.542872
AO,1565729473.092622,1565729473.177609,12862.133079
AO,1565729473.620491,1565729473.713635,12126.277435
AO,1565729474.104658,1565729474.217743,12894.045313
AO,1565729474.645903,1565729474.753937,12122.476112
AO,1565729475.154090,1565729475.255233,12966.414659
AO,1565729475.712700,1565729475.792927,12088.655242
AO,1565729476.200927,1565729476.294888,12949.207221
AO,1565729476.720267,1565729476.834740,12040.328489
AO,1565729477.229767,1565729477.335153,12989.272394
AO,1565729477.815954,1565729477.874603,12049.327017
AO,1565729478.308453,1565729478.376088,12961.489182
AO,1565729478.808398,1565729478.915815,12043.126118
AO,1565729479.288202,1565729479.417385,12959.320447
AO,1565729479.850549,1565729479.955073,12088.783888
AO,1565729480.355842,1565729480.457952,12925.577000
AO,1565729480.939559,1565729480.991884,12173.835541
AO,1565729481.417798,1565729481.495391,12909.461801
AO,1565729481.934510,1565729482.034884,12048.336574
AO,1565729482.460067,1565729482.538166,12915.234903
AO,1565729482.970170,1565729483.075624,12093.969556
AO,1565729483.447849,1565729483.577765,12944.559083
AO,1565729484.043326,1565729484.112973,12144.811288
AO,1565729484.510032,1565729484.618637,12854.388781
AO,1565729485.109315,1565729485.154993,12118.817233
AO,1565729485.564572,1565729485.657498,12935.186890
AO,1565729486.104373,1565729486.193500,12126.833005
AO,1565729486.600729,1565729486.696898,12912.231512
AO,1565729487.150331,1565729487.231683,12154.421881
AO,1565729487.661463,1565729487.737723,12844.844060
AO,1565729488.205883,1565729488.274158,12117.023627
AO,1565729488.647657,1565729488.776030,12951.526389
AO,1565729489.264861,1565729489.313579,12091.915135
AO,1565729489.706535,1565729489.817864,12889.534188
AO,1565729490.271194,1565729490.353283,12140.025204
AO,1565729490.723125,1565729490.857940,12880.028497
AO,1565729491.284089,1565729491.392499,12159.550137
AO,1565729491.776764,1565729491.895222,12929.586028
AO,1565729492.357689,1565729492.431169,12128.084572
AO,1565729492.815559,1565729492.931943,12480.676291
AO,1565729493.371785,1565729493.472851,12479.003498
AO,1565729493.895512,1565729493.977332,12884.545149
AO,1565729494.458806,1565729494.513573,12121.403546
AO,1565729494.926152,1565729495.019364,12851.165246
AO,1565729495.503685,1565729495.553747,12163.548406
AO,1565729495.972992,1565729496.058152,12886.469644
AO,1565729496.520784,1565729496.592562,12162.946056
AO,1565729497.009464,1565729497.096746,12892.124651
AO,1565729497.517890,1565729497.632639,12129.293228
AO,1565729498.063817,1565729498.137558,12873.344556
AO,1565729498.617346,1565729498.672111,12159.691144
AO,1565729499.048653,1565729499.178099,12846.163488
AO,1565729499.631287,1565729499.713009,12151.577728
AO,1565729500.113288,1565729500.220417,12810.200430
AO,1565729500.688598,1565729500.754265,12175.760199
AO,1565729501.179916,1565729501.257388,12919.298738
AO,1565729501.676774,1565729501.792825,12139.619777
AO,1565729502.196427,1565729502.293685,12977.666665
AO,1565729502.779547,1565729502.833757,12035.433109
AO,1565729503.241191,1565729503.335051,12966.457828
AO,1565729503.834658,1565729503.873596,12069.544152
AO,1565729504.254686,1565729504.377803,12891.545516
AO,1565729504.821705,1565729504.913388,12136.242271
AO,1565729505.310468,1565729505.417664,12889.784046
AO,1565729505.899244,1565729505.951757,12170.151030
AO,1565729506.364928,1565729506.457167,12860.858904
AO,1565729506.897106,1565729506.993931,12109.596318
AO,1565729507.349518,1565729507.498799,12874.669845
AO,1565729507.960634,1565729508.032555,12177.843212
AO,1565729508.395180,1565729508.536491,12898.468060
AO,1565729508.964174,1565729509.074975,12070.917533
AO,1565729509.464942,1565729509.579981,12871.132295
AO,1565729510.007259,1565729510.115286,12142.604353
AO,1565729510.552961,1565729510.616088,12979.180354
AO,1565729511.054040,1565729511.153589,12093.020037
AO,1565729511.562026,1565729511.655740,12944.288659
AO,1565729512.150438,1565729512.191967,12121.732303
AO,1565729512.597889,1565729512.695739,12902.674007
AO,1565729513.167189,1565729513.236932,12010.513118
AO,1565729513.654295,1565729513.740581,12905.801249
AO,1565729514.181963,1565729514.272440,12221.275070
AO,1565729514.639321,1565729514.776626,12892.069784
AO,1565729515.202144,1565729515.312971,12119.065040
AO,1565729515.684731,1565729515.817914,12872.748872
AO,1565729516.270915,1565729516.353147,12144.254070
AO,1565729516.794399,1565729516.859074,12847.695090
AO,1565729517.309859,1565729517.392218,12191.822711
AO,1565729517.785532,1565729517.898686,12833.978179
AO,1565729518.389794,1565729518.434189,12138.122634
AO,1565729518.842629,1565729518.937818,12906.332786
AO,1565729519.399141,1565729519.472703,12152.151868
AO,1565729519.840827,1565729519.978984,12838.704421
AO,1565729520.454616,1565729520.513985,12149.514518
AO,1565729520.906766,1565729521.019801,12850.523156
AO,1565729521.474710,1565729521.551340,12228.648066
AO,1565729521.965809,1565729522.058649,12812.692863
AO,1565729522.526000,1565729522.592112,12184.543051
AO,1565729523.021626,1565729523.095981,12900.176968
AO,1565729523.588095,1565729523.633106,12101.469018
AO,1565729524.007248,1565729524.138462,12862.211965
AO,1565729524.579604,1565729524.680351,11995.072262
AO,1565729525.072955,1565729525.183604,13412.749894
AO,1565729525.595475,1565729525.712503,11816.996670
AO,1565729526.082154,1565729526.217213,12878.671686
AO,1565729526.642931,1565729526.753431,12121.947890
AO,1565729527.156313,1565729527.257493,12895.222383
AO,1565729527.692712,1565729527.795279,12086.613342
AO,1565729528.212496,1565729528.301718,13328.345639
AO,1565729528.778760,1565729528.832631,11772.181629
AO,1565729529.223410,1565729529.336662,12896.033649
AO,1565729529.809170,1565729529.874665,12081.701677
AO,1565729530.253930,1565729530.377141,12935.935675
AO,1565729530.808760,1565729530.912934,12131.570903
AO,1565729531.330310,1565729531.418452,12858.086929
AO,1565729531.914377,1565729531.952552,12170.004348
AO,1565729532.356225,1565729532.456095,12908.526605
AO,1565729532.879351,1565729532.992987,12106.713963
AO,1565729533.349327,1565729533.493971,12974.473630
AO,1565729533.961000,1565729534.033653,12044.126346
AO,1565729534.391009,1565729534.535603,12949.502453
AO,1565729534.968442,1565729535.073341,12087.679760
AO,1565729535.450870,1565729535.576165,12926.968231
AO,1565729536.003137,1565729536.115469,12052.587045
AO,1565729536.508623,1565729536.623005,13299.532170
AO,1565729537.100248,1565729537.153849,11773.714933
AO,1565729537.596825,1565729537.656374,12934.671383
AO,1565729538.115716,1565729538.193075,12111.032630
AO,1565729538.562779,1565729538.701115,12794.263389
AO,1565729539.142812,1565729539.233011,12220.431443
AO,1565729539.643612,1565729539.735573,12933.744802
AO,1565729540.220739,1565729540.273838,12075.820433
AO,1565729540.694949,1565729540.775223,12964.108651
AO,1565729541.213119,1565729541.312726,12092.955669
AO,1565729541.721595,1565729541.816746,12896.289860
AO,1565729542.238811,1565729542.352473,12133.055630
AO,1565729542.733284,1565729542.858033,12857.019704
AO,1565729543.298671,1565729543.393003,12150.234666
AO,1565729543.776263,1565729543.897914,12873.532998
AO,1565729544.388440,1565729544.433829,12128.802182
AO,1565729544.860435,1565729544.936747,12924.559814
AO,1565729545.360170,1565729545.473545,12108.843332
AO,1565729545.879571,1565729545.975645,12945.634744
AO,1565729546.454240,1565729546.512376,12110.344019
AO,1565729546.909660,1565729547.016052,12905.135361
AO,1565729547.494406,1565729547.554190,12078.682743
AO,1565729547.993542,1565729548.056133,12949.662377
AO,1565729548.481414,1565729548.593700,12091.523641
AO,1565729548.957414,1565729549.098147,12885.397702
AO,1565729549.537263,1565729549.632371,12167.180048
AO,1565729550.060286,1565729550.134337,12949.071910
AO,1565729550.568460,1565729550.673219,12062.020155
AO,1565729551.067260,1565729551.174705,12961.489182
AO,1565729551.636288,1565729551.711894,12100.013492
AO,1565729552.108967,1565729552.216502,12881.294301
AO,1565729552.649796,1565729552.753305,12108.725014
AO,1565729553.140243,1565729553.255490,12943.440585
AO,1565729553.714651,1565729553.793103,12090.477992
AO,1565729554.173130,1565729554.296195,12920.088545
AO,1565729554.722994,1565729554.833300,12101.925621
AO,1565729555.204246,1565729555.339044,12852.352676
AO,1565729555.826592,1565729555.873041,12172.340817
AO,1565729556.235979,1565729556.376972,12898.608418
AO,1565729556.856662,1565729556.914012,12103.365487
AN,1565729437.204651,1565729437.310952,408.485600
AN,1565729437.682392,1565729437.817074,13336.714986
AN,1565729438.241441,1565729438.354528,11628.889102
AN,1565729438.741337,1565729438.856117,12958.809175
AN,1565729439.342921,1565729439.390230,12169.727291
AN,1565729439.826579,1565729439.891130,12976.622734
AN,1565729440.337835,1565729440.430177,12058.323006
AN,1565729440.803550,1565729440.931098,12976.110095
AN,1565729441.432859,1565729441.471994,12017.098915
AN,1565729441.886035,1565729441.977103,13363.444039
AN,1565729442.424973,1565729442.509860,11731.431558
AN,1565729442.947322,1565729443.013272,12911.889055
AN,1565729443.499085,1565729443.549690,12117.411388
AN,1565729443.967888,1565729444.052667,12923.064963
AN,1565729444.516098,1565729444.592008,12051.739907
AN,1565729444.980058,1565729445.098766,13319.961722
AN,1565729445.577499,1565729445.629090,11785.243360
AN,1565729446.011389,1565729446.130955,12951.704821
AN,1565729446.601741,1565729446.670738,12041.865429
AN,1565729447.091237,1565729447.173717,12923.022083
AN,1565729447.626611,1565729447.710483,12109.542530
AN,1565729448.111459,1565729448.212987,12935.229850
AN,1565729448.635699,1565729448.751384,12072.868592
AN,1565729449.188992,1565729449.256263,12874.378015
AN,1565729449.710714,1565729449.791207,12150.797849
AN,1565729450.155342,1565729450.296100,13369.186541
AN,1565729450.768898,1565729450.831976,11663.145175
AN,1565729451.259882,1565729451.332136,12995.829490
AN,1565729451.761623,1565729451.871940,12041.418665
AN,1565729452.255337,1565729452.377454,13352.729495
AN,1565729452.837059,1565729452.910159,11732.581428
AN,1565729453.354756,1565729453.413066,12924.860051
AN,1565729453.875303,1565729453.953541,12026.450008
AN,1565729454.386120,1565729454.455889,12939.226446
AN,1565729454.893298,1565729454.992210,12119.619950
AN,1565729455.381703,1565729455.498814,12830.541450
AN,1565729455.931927,1565729456.033823,12149.330434
AN,1565729456.416299,1565729456.537100,12915.345033
AN,1565729456.973437,1565729457.073607,12115.408219
AN,1565729457.497224,1565729457.576987,12912.702420
AN,1565729458.042217,1565729458.113916,12105.891453
AN,1565729458.552060,1565729458.616510,12932.904244
AN,1565729459.056694,1565729459.152932,12117.319831
AN,1565729459.532265,1565729459.656689,12903.040403
AN,1565729460.139976,1565729460.195016,12074.456631
AN,1565729460.560895,1565729460.697896,12925.527976
AN,1565729461.150383,1565729461.230883,12195.438527
AN,1565729461.653318,1565729461.731161,12493.053960
AN,1565729462.169992,1565729462.272722,12463.950517
AN,1565729462.696504,1565729462.779850,12817.300997
AN,1565729463.203026,1565729463.312835,12195.460349
AN,1565729463.696606,1565729463.817234,12886.628014
AN,1565729464.312932,1565729464.352811,12136.436764
AN,1565729464.748078,1565729464.856669,12900.463864
AN,1565729465.280020,1565729465.392236,12136.663681
AN,1565729465.816163,1565729465.899051,12825.193721
AN,1565729466.353327,1565729466.432613,12182.283549
AN,1565729466.810954,1565729466.936133,12909.101154
AN,1565729467.423315,1565729467.471425,12142.912627
AN,1565729467.859231,1565729467.973913,12935.641060
AN,1565729468.464681,1565729468.513479,12046.707490
AN,1565729468.883844,1565729469.017772,12889.345278
AN,1565729469.511566,1565729469.552997,12144.421771
AN,1565729469.941105,1565729470.056688,12904.732197
AN,1565729470.519830,1565729470.592296,12135.750663
AN,1565729470.966819,1565729471.098336,12844.825905
AN,1565729471.542362,1565729471.633557,12144.519148
AN,1565729472.037037,1565729472.140158,12830.607872
AN,1565729472.618233,1565729472.672294,12214.917867
AN,1565729473.092943,1565729473.178938,12829.527091
AN,1565729473.620170,1565729473.712700,12177.712662
AN,1565729474.104979,1565729474.217830,12867.967168
AN,1565729474.645583,1565729474.752997,12145.752725
AN,1565729475.179569,1565729475.257661,12879.858120
AN,1565729475.712379,1565729475.792889,12144.340624
AN,1565729476.156496,1565729476.298132,12865.113206
AN,1565729476.719947,1565729476.833102,12150.213007
AN,1565729477.220451,1565729477.340268,12816.306806
AN,1565729477.815634,1565729477.874400,12169.276422
AN,1565729478.317768,1565729478.380837,12834.757588
AN,1565729478.808078,1565729478.911852,12240.721684
AN,1565729479.288202,1565729479.417350,12858.596349
AN,1565729479.850228,1565729479.953160,12131.171438
AN,1565729480.368202,1565729480.456018,12926.104040
AN,1565729480.939239,1565729480.993910,12084.229320
AN,1565729481.362864,1565729481.497489,12907.585432
AN,1565729481.934190,1565729482.033532,12125.894498
AN,1565729482.449922,1565729482.537296,12902.881629
AN,1565729482.969850,1565729483.072990,12133.795429
AN,1565729483.448169,1565729483.579033,12844.741180
AN,1565729484.043006,1565729484.113369,12164.650155
AN,1565729484.510352,1565729484.619331,12846.793035
AN,1565729485.108994,1565729485.152656,12187.696866
AN,1565729485.515392,1565729485.654149,12961.304318
AN,1565729486.104053,1565729486.193047,12061.646602
AN,1565729486.585065,1565729486.696133,12920.259988
AN,1565729487.150011,1565729487.234167,12081.016396
AN,1565729487.656189,1565729487.735020,12977.851995
AN,1565729488.205563,1565729488.272177,12100.743897
AN,1565729488.638342,1565729488.778263,12843.670119
AN,1565729489.264541,1565729489.312564,12165.442669
AN,1565729489.696285,1565729489.822070,12757.455582
AN,1565729490.270874,1565729490.351687,12273.018288
AN,1565729490.774626,1565729490.862408,12727.106197
AN,1565729491.283769,1565729491.393615,12236.277095
AN,1565729491.826854,1565729491.895969,12939.085203
AN,1565729492.357369,1565729492.432178,12122.131146
AN,1565729492.824875,1565729492.939559,12810.886655
AN,1565729493.371465,1565729493.473753,12167.869708
AN,1565729493.886197,1565729493.977861,12894.057510
AN,1565729494.458485,1565729494.512858,12149.606562
AN,1565729494.926152,1565729495.017637,12876.919814
AN,1565729495.503365,1565729495.554301,12111.866601
AN,1565729495.922938,1565729496.057466,12918.233570
AN,1565729496.520464,1565729496.591371,12174.444406
AN,1565729497.009784,1565729497.097222,12849.620704
AN,1565729497.517570,1565729497.632384,12145.855534
AN,1565729498.070379,1565729498.136769,12886.993499
AN,1565729498.617025,1565729498.671570,12154.053420
AN,1565729499.048653,1565729499.179545,12795.902754
AN,1565729499.630967,1565729499.714643,12147.316698
AN,1565729500.119850,1565729500.215398,12980.397740
AN,1565729500.688277,1565729500.752648,12098.638852
AN,1565729501.186479,1565729501.256001,12913.399671
AN,1565729501.676453,1565729501.794260,12075.980900
AN,1565729502.202990,1565729502.298288,12896.112951
AN,1565729502.779227,1565729502.833074,12154.383950
AN,1565729503.247754,1565729503.339828,12826.744466
AN,1565729503.834337,1565729503.875312,12138.549579
AN,1565729504.261249,1565729504.377571,12941.523610
AN,1565729504.821384,1565729504.914005,12117.066710
AN,1565729505.317031,1565729505.415932,12950.086807
AN,1565729505.898923,1565729505.952604,12111.683656
AN,1565729506.371490,1565729506.458656,12844.511220
AN,1565729506.896786,1565729506.992988,12164.737001
AN,1565729507.356080,1565729507.495074,12945.972846
AN,1565729507.960313,1565729508.032030,12105.284050
AN,1565729508.401743,1565729508.540384,12786.354706
AN,1565729508.963853,1565729509.073560,12191.097625
AN,1565729509.464942,1565729509.573864,12992.113609
AN,1565729510.006939,1565729510.111183,12097.092755
AN,1565729510.543645,1565729510.615979,12876.475839
AN,1565729511.054040,1565729511.151088,12147.073147
AN,1565729511.568588,1565729511.659276,12790.541850
AN,1565729512.150117,1565729512.192001,12201.415049
AN,1565729512.604452,1565729512.697445,12859.985330
AN,1565729513.166869,1565729513.232970,12137.609259
AN,1565729513.660858,1565729513.736540,12907.842102
AN,1565729514.181643,1565729514.273965,12094.715328
AN,1565729514.645883,1565729514.777848,12899.822943
AN,1565729515.201824,1565729515.312976,12146.623955
AN,1565729515.691294,1565729515.816554,12907.622099
AN,1565729516.270595,1565729516.351389,12153.294895
AN,1565729516.794399,1565729516.855272,12899.810735
AN,1565729517.309538,1565729517.392219,12105.488303
AN,1565729517.792094,1565729517.894572,12939.109767
AN,1565729518.389474,1565729518.435068,12025.988474
AN,1565729518.851945,1565729518.942401,13304.857205
AN,1565729519.398821,1565729519.471817,11805.453916
AN,1565729519.843899,1565729519.974284,12936.193473
AN,1565729520.454295,1565729520.511931,12089.711298
AN,1565729520.904013,1565729521.012495,12985.362341
AN,1565729521.474389,1565729521.550978,12070.928222
AN,1565729521.965809,1565729522.062439,12708.690891
AN,1565729522.525679,1565729522.593211,12246.319094
AN,1565729523.021947,1565729523.100070,12824.071626
AN,1565729523.587775,1565729523.633878,12176.679247
AN,1565729524.013811,1565729524.139383,12858.420474
AN,1565729524.579604,1565729524.671959,12204.839859
AN,1565729525.070203,1565729525.175157,12917.364425
AN,1565729525.595155,1565729525.712095,12105.692562
AN,1565729526.088717,1565729526.218131,12844.934838
AN,1565729526.642611,1565729526.753576,12139.430587
AN,1565729527.159386,1565729527.257613,12895.887248
AN,1565729527.692392,1565729527.792743,12146.575249
AN,1565729528.212496,1565729528.296609,12900.256321
AN,1565729528.778439,1565729528.831398,12154.329764
AN,1565729529.229973,1565729529.339101,12802.759008
AN,1565729529.808850,1565729529.872203,12192.776904
AN,1565729530.260493,1565729530.374163,12949.256425
AN,1565729530.808439,1565729530.912683,12070.121255
AN,1565729531.336872,1565729531.414653,12948.979655
AN,1565729531.914057,1565729531.953119,12071.329074
AN,1565729532.346910,1565729532.455784,12931.076255
AN,1565729532.879030,1565729532.992389,12113.174283
AN,1565729533.355890,1565729533.495142,12928.825716
AN,1565729533.960680,1565729534.031338,12122.422210
AN,1565729534.397572,1565729534.534064,12929.512446
AN,1565729534.968122,1565729535.071959,12084.154332
AN,1565729535.457433,1565729535.577589,12855.237348
AN,1565729536.002816,1565729536.113276,12133.946640
AN,1565729536.508623,1565729536.616092,12927.213413
AN,1565729537.099928,1565729537.154185,12079.694239
AN,1565729537.594072,1565729537.662108,13289.412613
AN,1565729538.115395,1565729538.193522,11761.079738
AN,1565729538.569342,1565729538.696105,12933.186463
AN,1565729539.142492,1565729539.245955,11821.390739
AN,1565729539.733504,1565729539.794697,12756.459994
AN,1565729540.220739,1565729540.302894,13282.261436
AN,1565729540.743959,1565729540.833820,11771.875015
AN,1565729541.213119,1565729541.343449,12754.381910
AN,1565729541.787970,1565729541.872542,12285.163117
AN,1565729542.238811,1565729542.378335,12851.128900
AN,1565729542.809239,1565729542.911430,12192.940495
AN,1565729543.298671,1565729543.416453,12870.688719
AN,1565729543.893533,1565729543.954034,12091.217971
AN,1565729544.391192,1565729544.455354,12965.767168
AN,1565729544.926057,1565729544.991328,12127.453362
AN,1565729545.353928,1565729545.494147,12927.115339
AN,1565729545.967398,1565729546.031450,12097.452402
AN,1565729546.454240,1565729546.536132,12879.389604
AN,1565729547.010726,1565729547.073103,12104.940061
AN,1565729547.494406,1565729547.578337,12865.331763
AN,1565729548.055223,1565729548.110751,12208.550874
AN,1565729548.481414,1565729548.616278,12857.868619
AN,1565729549.111530,1565729549.153803,12092.451470
AN,1565729549.537263,1565729549.656694,12925.270602
AN,1565729550.149121,1565729550.194469,12086.838400
AN,1565729550.568460,1565729550.698006,12908.691630
AN,1565729551.118252,1565729551.231333,12187.647831
AN,1565729551.636288,1565729551.737742,12835.452490
AN,1565729552.214225,1565729552.272837,12147.376235
AN,1565729552.649796,1565729552.775912,12920.547779
AN,1565729553.212087,1565729553.313476,12091.593357
AN,1565729553.714651,1565729553.819147,12854.206959
AN,1565729554.272720,1565729554.353443,12165.524098
AN,1565729554.725746,1565729554.859469,12845.189022
AN,1565729555.312603,1565729555.393158,12179.393697
AN,1565729555.826592,1565729555.897852,12879.073224
AN,1565729556.387923,1565729556.432809,12150.516251
AN,1565729556.856662,1565729556.935741,12924.222830
AM,1565729437.198409,1565729437.303787,407.190735
AM,1565729437.679319,1565729437.810055,13332.864911
AM,1565729438.235199,1565729438.346079,11659.923638
AM,1565729438.741337,1565729438.849831,12903.193073
AM,1565729439.336679,1565729439.384628,12154.129278
AM,1565729439.826579,1565729439.885003,12990.275034
AM,1565729440.331593,1565729440.426512,12003.474728
AM,1565729440.803230,1565729440.929953,13407.744525
AM,1565729441.426616,1565729441.464830,11684.928081
AM,1565729441.882962,1565729441.964897,12998.264544
AM,1565729442.418731,1565729442.504375,12048.666704
AM,1565729442.944569,1565729443.008469,13390.362778
AM,1565729443.492843,1565729443.544613,11657.320734
AM,1565729443.967888,1565729444.047085,12936.052297
AM,1565729444.509856,1565729444.585813,12065.452582
AM,1565729444.976985,1565729445.092190,13329.996073
AM,1565729445.571257,1565729445.624103,11750.046168
AM,1565729446.011389,1565729446.129540,13354.763936
AM,1565729446.595499,1565729446.665236,11667.074642
AM,1565729447.088484,1565729447.168978,13399.704380
AM,1565729447.620368,1565729447.707646,11602.700971
AM,1565729448.111459,1565729448.209342,13454.366251
AM,1565729448.629457,1565729448.745000,11667.895129
AM,1565729449.186239,1565729449.246430,12962.912809
AM,1565729449.704472,1565729449.784686,12076.050437
AM,1565729450.155342,1565729450.291548,13317.236244
AM,1565729450.762655,1565729450.826093,11692.177591
AM,1565729451.262634,1565729451.330104,12896.546080
AM,1565729451.755381,1565729451.863941,12175.994026
AM,1565729452.255017,1565729452.364509,12985.244828
AM,1565729452.830817,1565729452.906918,11983.588759
AM,1565729453.351683,1565729453.412357,13354.719840
AM,1565729453.869061,1565729453.945054,11732.749465
AM,1565729454.388873,1565729454.448022,12923.279367
AM,1565729454.887055,1565729454.986815,12064.016383
AM,1565729455.384456,1565729455.488103,12966.593502
AM,1565729455.925685,1565729456.027068,12060.147289
AM,1565729456.413226,1565729456.534776,13295.047948
AM,1565729456.967195,1565729457.064915,11789.356281
AM,1565729457.496903,1565729457.574653,12751.655640
AM,1565729458.035975,1565729458.109972,12142.285280
AM,1565729458.552060,1565729458.612406,12937.040598
AM,1565729459.050452,1565729459.147738,12141.982445
AM,1565729459.532265,1565729459.654779,13312.527243
AM,1565729460.133734,1565729460.186879,11745.913256
AM,1565729460.560895,1565729460.691300,12886.079826
AM,1565729461.144140,1565729461.226751,12139.300860
AM,1565729461.662633,1565729461.729078,12939.760740
AM,1565729462.163750,1565729462.267035,12082.761873
AM,1565729462.705819,1565729462.777513,12733.151433
AM,1565729463.196783,1565729463.309486,12218.678824
AM,1565729463.699358,1565729463.812747,12915.748861
AM,1565729464.306689,1565729464.346220,12184.314341
AM,1565729464.750831,1565729464.849865,12905.911218
AM,1565729465.273778,1565729465.385803,12128.284200
AM,1565729465.815842,1565729465.889139,12913.815611
AM,1565729466.347085,1565729466.425621,12115.973563
AM,1565729466.810954,1565729466.928669,12921.233630
AM,1565729467.394707,1565729467.467011,12074.109045
AM,1565729467.885352,1565729467.969398,12938.250091
AM,1565729468.464061,1565729468.507811,12072.510405
AM,1565729468.928599,1565729469.009134,12965.680840
AM,1565729469.445469,1565729469.547682,12069.506749
AM,1565729469.960925,1565729470.048164,12987.471745
AM,1565729470.512092,1565729470.587861,12043.801786
AM,1565729470.966499,1565729471.095833,13288.133939
AM,1565729471.557422,1565729471.627909,11746.434317
AM,1565729472.008871,1565729472.131799,12899.639834
AM,1565729472.586986,1565729472.667039,12144.080964
AM,1565729473.110179,1565729473.170342,12914.684278
AM,1565729473.593694,1565729473.708461,12079.126924
AM,1565729474.104979,1565729474.211649,12917.621484
AM,1565729474.690591,1565729474.745941,12165.627242
AM,1565729475.179569,1565729475.250218,12889.747481
AM,1565729475.721926,1565729475.785440,12144.486689
AM,1565729476.210243,1565729476.289325,12899.786320
AM,1565729476.745000,1565729476.826294,12104.972309
AM,1565729477.229767,1565729477.334644,12786.480640
AM,1565729477.785879,1565729477.866206,12228.105066
AM,1565729478.257128,1565729478.369427,12916.783020
AM,1565729478.854052,1565729478.908610,12055.273098
AM,1565729479.302603,1565729479.409110,12987.013927
AM,1565729479.881854,1565729479.945112,12126.838399
AM,1565729480.355842,1565729480.448348,12916.397486
AM,1565729480.907287,1565729480.988930,12024.084355
AM,1565729481.362864,1565729481.489435,12986.865453
AM,1565729481.923821,1565729482.025489,12125.651805
AM,1565729482.460067,1565729482.530707,12865.726398
AM,1565729482.968011,1565729483.067125,12117.411388
AM,1565729483.448169,1565729483.570147,12921.901180
AM,1565729484.031766,1565729484.105731,12136.285491
AM,1565729484.510032,1565729484.611113,12861.562703
AM,1565729485.072207,1565729485.148332,12099.352982
AM,1565729485.573887,1565729485.654791,12834.207762
AM,1565729486.126704,1565729486.186538,12223.850496
AM,1565729486.584745,1565729486.690325,12902.295421
AM,1565729487.183028,1565729487.227189,12107.332263
AM,1565729487.670779,1565729487.729282,12945.813014
AM,1565729488.194450,1565729488.265518,12121.522112
AM,1565729488.653183,1565729488.772039,12832.655213
AM,1565729489.249753,1565729489.307159,12146.797133
AM,1565729489.695964,1565729489.808411,12967.530963
AM,1565729490.235836,1565729490.347326,12061.267737
AM,1565729490.723125,1565729490.851313,12897.174474
AM,1565729491.288378,1565729491.386997,12134.006046
AM,1565729491.786079,1565729491.889918,12924.498543
AM,1565729492.342723,1565729492.425322,12140.371189
AM,1565729492.797669,1565729492.928435,12919.568118
AM,1565729493.393531,1565729493.468536,12034.769005
AM,1565729493.895512,1565729493.971223,12930.524279
AM,1565729494.424497,1565729494.505962,12155.456941
AM,1565729494.920573,1565729495.013000,12819.561098
AM,1565729495.462590,1565729495.550073,12102.624021
AM,1565729495.982307,1565729496.054652,12882.042946
AM,1565729496.508993,1565729496.587027,12209.436605
AM,1565729497.009784,1565729497.087366,12991.197352
AM,1565729497.511328,1565729497.626337,12060.003247
AM,1565729498.073132,1565729498.131493,12867.329471
AM,1565729498.610783,1565729498.664886,12186.117031
AM,1565729499.045900,1565729499.170282,12861.222928
AM,1565729499.624724,1565729499.708500,12076.884947
AM,1565729500.122603,1565729500.211910,12911.944092
AM,1565729500.682035,1565729500.748550,12112.393945
AM,1565729501.186159,1565729501.251474,12924.412764
AM,1565729501.670211,1565729501.787631,12123.317051
AM,1565729502.205743,1565729502.291921,12889.418404
AM,1565729502.772984,1565729502.827787,12129.892249
AM,1565729503.247434,1565729503.330594,12927.434085
AM,1565729503.828095,1565729503.866791,12122.406039
AM,1565729504.260928,1565729504.369637,12926.422735
AM,1565729504.815142,1565729504.906255,12112.910571
AM,1565729505.319784,1565729505.409919,12905.428588
AM,1565729505.892681,1565729505.948498,12068.790796
AM,1565729506.371170,1565729506.450068,12959.301966
AM,1565729506.890544,1565729506.986272,12122.249726
AM,1565729507.356080,1565729507.489307,12921.558210
AM,1565729507.954071,1565729508.028032,12065.532678
AM,1565729508.401423,1565729508.537712,12753.093200
AM,1565729508.957611,1565729509.066784,12285.672441
AM,1565729509.461869,1565729509.571887,12868.671745
AM,1565729510.000696,1565729510.107793,12128.985645
AM,1565729510.552961,1565729510.614856,12818.916135
AM,1565729511.047797,1565729511.145964,12238.556672
AM,1565729511.571341,1565729511.651874,12848.143137
AM,1565729512.143875,1565729512.186301,12162.560801
AM,1565729512.607204,1565729512.689710,12911.962437
AM,1565729513.160627,1565729513.225660,12128.003644
AM,1565729513.663610,1565729513.727965,12940.344215
AM,1565729514.175400,1565729514.266593,12067.706341
AM,1565729514.645563,1565729514.772442,12849.681267
AM,1565729515.195581,1565729515.309001,12114.223861
AM,1565729515.690974,1565729515.811103,12945.585567
AM,1565729516.264353,1565729516.347062,12127.782446
AM,1565729516.791326,1565729516.852289,12865.513899
AM,1565729517.303296,1565729517.386897,12158.443889
AM,1565729517.794847,1565729517.889787,12925.288986
AM,1565729518.383231,1565729518.427709,12083.527686
AM,1565729518.851945,1565729518.931496,12902.289315
AM,1565729519.392578,1565729519.467094,12135.961347
AM,1565729519.840827,1565729519.969339,12941.892215
AM,1565729520.448053,1565729520.505700,12118.704107
AM,1565729520.903693,1565729521.010980,12864.160144
AM,1565729521.468147,1565729521.546412,12139.727888
AM,1565729521.968882,1565729522.048508,12945.726952
AM,1565729522.519437,1565729522.586070,12091.630897
AM,1565729523.021947,1565729523.091958,12848.694157
AM,1565729523.581533,1565729523.630735,12064.352711
AM,1565729524.013491,1565729524.131124,12989.897479
AM,1565729524.573361,1565729524.666810,12133.984444
AM,1565729525.069882,1565729525.170587,12902.521349
AM,1565729525.588912,1565729525.708555,12082.504838
AM,1565729526.088717,1565729526.215098,13325.616729
AM,1565729526.636369,1565729526.746118,11769.813722
AM,1565729527.156313,1565729527.250793,12879.572139
AM,1565729527.686150,1565729527.787225,12117.082866
AM,1565729528.209423,1565729528.294209,12820.917541
AM,1565729528.772197,1565729528.826516,12211.011554
AM,1565729529.229973,1565729529.335173,12778.743292
AM,1565729529.802608,1565729529.867686,12206.287925
AM,1565729530.263245,1565729530.369633,12949.570113
AM,1565729530.802197,1565729530.909198,12046.739428
AM,1565729531.336872,1565729531.412712,12909.278419
AM,1565729531.907814,1565729531.946517,12176.733633
AM,1565729532.353472,1565729532.450192,12905.123144
AM,1565729532.872788,1565729532.984580,12163.461577
AM,1565729533.358642,1565729533.488258,12905.062057
AM,1565729533.954437,1565729534.029049,12019.424727
AM,1565729534.397252,1565729534.529533,12987.446997
AM,1565729534.961879,1565729535.068428,12061.705302
AM,1565729535.457112,1565729535.568815,12989.940804
AM,1565729535.996574,1565729536.105380,12114.105438
AM,1565729536.505550,1565729536.608991,12906.797153
AM,1565729537.093685,1565729537.146541,12091.882957
AM,1565729537.594072,1565729537.648620,12946.181863
AM,1565729538.109153,1565729538.189349,12020.797325
AM,1565729538.569021,1565729538.693337,12897.150069
AM,1565729539.136249,1565729539.229255,12128.710453
AM,1565729539.650175,1565729539.733262,12896.655892
AM,1565729540.214176,1565729540.268245,12149.915192
AM,1565729540.701512,1565729540.773500,12864.797527
AM,1565729541.206557,1565729541.306351,12198.521572
AM,1565729541.728157,1565729541.813660,12812.698884
AM,1565729542.232249,1565729542.346856,12190.656073
AM,1565729542.730532,1565729542.850100,12916.195549
AM,1565729543.292109,1565729543.388728,12067.690316
AM,1565729543.773190,1565729543.890888,12944.085849
AM,1565729544.381877,1565729544.425503,12158.286645
AM,1565729544.866678,1565729544.933198,12802.957414
AM,1565729545.360170,1565729545.468486,12143.004571
AM,1565729545.885813,1565729545.973724,12865.216413
AM,1565729546.447677,1565729546.506349,12203.708967
AM,1565729546.909980,1565729547.009387,12921.472470
AM,1565729547.487844,1565729547.546252,12107.337640
AM,1565729547.990469,1565729548.047756,12961.008547
AM,1565729548.474852,1565729548.588543,12019.525408
AM,1565729548.963656,1565729549.089645,12971.405598
AM,1565729549.530700,1565729549.625799,12123.387134
AM,1565729550.069601,1565729550.128865,12920.755976
AM,1565729550.561897,1565729550.666582,12088.156762
AM,1565729551.067260,1565729551.174789,12790.055808
AM,1565729551.629725,1565729551.707138,12210.043568
AM,1565729552.118282,1565729552.212510,12861.811478
AM,1565729552.643234,1565729552.746364,12175.618819
AM,1565729553.149558,1565729553.247823,12962.179386
AM,1565729553.708088,1565729553.788044,12032.108011
AM,1565729554.179373,1565729554.289467,12963.103882
AM,1565729554.716431,1565729554.825237,12132.067571
AM,1565729555.204246,1565729555.328467,12916.556593
AM,1565729555.820029,1565729555.868133,12044.493493
AM,1565729556.242542,1565729556.370153,12947.682067
AM,1565729556.850100,1565729556.905945,12131.587098
